Date,Reference,Bank,Bill No,Amount,CurrencyRate
06/11/2023,269,600,00000136,-10.24,
06/11/2025,2112,600,00001107,0.0,
22/03/2024,519,600,00000259,0.01,
22/07/2025,1803,600,00000989,0.3,
21/05/2024,654,600,00000309,1.25,
28/05/2025,1578,600,00000905,2.75,
21/11/2024,1076,600,00000600,2.76,
30/04/2024,610,600,00000307,3.18,
30/08/2024,880,600,00000473,3.7,
21/10/2025,2106,600,00001119,4.47,
22/03/2024,516,600,00000292,5.0,
21/11/2024,1077,600,00000601,5.15,
24/03/2025,1418,600,00000756,5.66,
30/08/2024,862,600,00000438,5.75,
21/10/2025,2104,600,00001212,6.06,
21/12/2023,342,600,00000192,6.38,
29/05/2025,1589,600,00000851,6.48,
27/06/2024,730,600,00000387,6.95,
21/11/2024,1075,600,00000599,7.83,
22/03/2024,518,600,00000291,8.18,
21/12/2023,384,600,00000194,8.3,
30/10/2023,272,600,00000135,8.66,
27/09/2023,164,600,00000113,8.99,
23/12/2024,1200,600,00000622,9.5,
28/06/2023,32,600,00000031,9.89,
27/06/2024,703,600,00000374,9.89,
30/10/2023,273,600,00000134,10.23,
23/07/2024,800,600,00000414,11.5,
22/03/2024,553,600,00000271,11.68,
24/06/2025,1665,600,00000993,11.99,
28/08/2025,1906,600,00001077,13.46,
30/08/2024,847,600,00000901,14.0,
22/10/2024,1027,600,00000514,14.28,
21/10/2025,2091,600,00001211,14.89,
22/07/2025,1777,600,00001021,15.67,
23/09/2024,956,600,00000490,15.69,
21/11/2024,1109,600,00000607,16.1,
19/02/2025,197,805,00000605,16.1,
21/02/2025,1316,600,00000715,16.2,
21/11/2024,1070,600,00000589,16.39,
24/01/2024,413,600,00000232,16.99,
21/11/2024,1120,600,00000576,18.41,
23/09/2024,942,600,00000505,18.86,
24/04/2025,1485,600,00000800,18.97,
23/12/2024,1221,600,00000869,19.07,
21/11/2025,2133,600,00001243,19.37,
29/02/2024,454,600,00000257,19.99,
23/12/2024,1163,600,00000625,20.13,
22/09/2025,1994,600,00001124,20.16,
30/11/2023,285,600,00000179,20.5,
27/06/2024,711,600,00000371,20.95,
23/02/2026,2393,600,00001386,20.99,
22/07/2025,1751,600,00001024,21.03,
22/10/2024,993,600,00000532,21.21,
24/03/2025,1390,600,00000769,21.39,
21/10/2025,2056,600,00001227,21.39,
21/10/2025,2092,600,00001220,21.85,
30/04/2024,604,600,00000315,22.46,
22/01/2025,1270,600,00000693,22.51,
21/11/2024,1083,600,00000554,22.89,
30/11/2023,277,600,00000162,23.08,
23/02/2026,2428,600,00001419,23.57,
23/09/2024,913,600,00000483,23.96,
22/01/2025,1235,600,00000902,24.38,
23/12/2024,1212,600,00000641,24.85,
23/01/2026,2328,600,00001350,26.02,
22/09/2025,1963,600,00001183,26.5,
16/03/2026,2475,600,00001409,26.5,
21/02/2025,1352,600,00000758,26.86,
21/12/2023,346,600,00000196,26.99,
22/01/2025,1272,600,00000676,27.86,
27/06/2024,709,600,00000358,27.93,
21/11/2024,1078,600,00000584,28.0,
22/07/2025,1754,600,00001008,28.0,
23/01/2026,2310,600,00001349,28.08,
23/09/2024,944,600,00000507,28.91,
21/10/2025,2089,600,00001210,29.01,
22/12/2025,2286,600,00001313,29.05,
24/06/2025,1744,600,00000954,29.57,
22/12/2025,2290,600,00001323,29.71,
23/12/2024,1199,600,00000623,30.0,
27/09/2023,187,600,00000102,30.61,
23/09/2024,911,600,00000475,30.85,
21/05/2024,660,600,00000342,31.05,
23/01/2026,2329,600,00001372,31.26,
21/08/2025,1840,600,00001050,31.91,
30/08/2024,861,600,00000437,32.09,
22/03/2024,527,600,00000264,32.23,
29/05/2025,1600,600,00000933,33.12,
22/03/2024,503,600,00000287,34.33,
21/11/2024,1084,600,00000555,34.33,
23/01/2026,2378,600,00001359,34.39,
24/10/2023,257,600,00000151,34.45,
27/06/2024,700,600,00000364,35.46,
19/12/2025,2300,600,00001285,35.99,
30/04/2024,605,600,00000314,36.27,
21/12/2023,347,600,00000187,36.46,
03/03/2025,1453,600,00000735,37.31,
24/01/2024,396,600,00000231,37.66,
29/02/2024,448,600,00000235,37.66,
24/10/2023,224,600,00000123,37.83,
29/05/2025,1579,600,00000910,37.83,
21/02/2025,1306,600,00000723,37.95,
19/12/2025,2299,600,00001286,38.0,
21/05/2024,649,600,00000345,38.38,
21/11/2024,1119,600,00000577,38.81,
21/10/2025,2053,600,00001193,38.97,
21/02/2025,1341,600,00000716,39.04,
30/08/2024,878,600,00000471,39.12,
21/11/2025,2142,600,00001264,39.45,
21/11/2024,1082,600,00000553,39.57,
23/12/2024,1168,600,00000649,40.0,
11/08/2025,305,805,00001120,40.0,
19/12/2025,2229,600,00001277,40.0,
30/08/2024,903,600,00000895,40.13,
21/02/2025,1317,600,00000727,40.96,
30/08/2024,881,600,00000461,41.76,
21/05/2024,651,600,00000357,42.39,
30/08/2024,877,600,00000448,42.86,
21/12/2023,385,600,00000185,43.09,
30/04/2024,557,600,00000313,43.34,
23/07/2024,802,600,00000415,43.49,
22/03/2024,525,600,00000273,43.58,
29/05/2025,1580,600,00000867,43.58,
20/07/2023,80,600,00000054,44.4,
23/07/2024,804,600,00000395,44.85,
29/02/2024,456,600,00000259,44.98,
30/08/2024,852,600,00000469,45.0,
21/11/2024,1081,600,00000583,45.0,
21/02/2025,1315,600,00000741,45.0,
26/09/2023,195,600,00000103,45.48,
23/01/2026,2376,600,00001352,45.77,
24/10/2023,221,600,00000145,45.84,
30/11/2023,276,600,00000181,45.84,
21/12/2023,340,600,00000211,45.84,
22/03/2024,506,600,00000270,45.84,
23/01/2026,2311,600,00001335,45.99,
21/05/2024,647,600,00000338,46.0,
21/11/2024,1087,600,00000580,46.0,
23/12/2024,1204,600,00000637,46.46,
21/05/2024,616,600,00000330,46.67,
23/07/2024,775,600,00000401,46.67,
23/09/2024,916,600,00000495,46.67,
21/11/2024,1090,600,00000571,46.67,
23/12/2024,1169,600,00000646,46.67,
21/02/2025,1320,600,00000757,46.67,
24/04/2025,1488,600,00000843,46.67,
22/07/2025,1804,600,00001017,46.67,
21/08/2025,1851,600,00001082,46.67,
22/09/2025,1959,600,00001143,46.67,
21/10/2025,2059,600,00001189,46.67,
20/12/2023,335,600,00000207,46.8,
27/06/2024,737,600,00000383,46.8,
22/03/2024,521,600,00000289,46.97,
22/10/2024,1037,600,00000543,47.28,
22/01/2025,1269,600,00000677,47.51,
21/02/2025,1307,600,00000724,48.23,
23/02/2026,2427,600,00001418,48.38,
22/09/2025,1964,600,00001139,48.45,
22/01/2025,1231,600,00000688,48.98,
21/02/2025,1350,600,00000750,49.17,
21/05/2024,615,600,00000353,49.29,
21/08/2025,1848,600,00001067,49.91,
19/12/2025,2298,600,00001321,49.94,
21/02/2025,1309,600,00000754,50.6,
21/12/2023,338,600,00000186,50.65,
22/09/2025,1962,600,00001163,51.72,
23/09/2024,947,600,00000480,51.75,
23/01/2026,2377,600,00001358,51.75,
23/12/2024,1171,600,00000657,51.84,
24/03/2025,1395,600,00000789,51.84,
27/06/2024,706,600,00000323,52.6,
23/01/2026,2313,600,00001336,52.69,
23/03/2026,2484,600,00001490,52.69,
22/10/2024,1036,600,00000524,52.76,
22/10/2024,1038,600,00000525,52.76,
21/11/2024,1085,600,00000578,53.48,
21/11/2024,1112,600,00000593,53.89,
27/09/2023,190,600,00000099,54.02,
22/10/2024,1028,600,00000541,54.06,
27/09/2023,185,600,00000110,54.14,
19/12/2025,2207,600,00001318,54.4,
23/02/2026,2398,600,00001412,54.4,
21/02/2025,1351,600,00000722,54.9,
22/10/2024,999,600,00000540,55.0,
23/09/2024,919,600,00000511,55.06,
21/10/2025,2088,600,00001181,56.58,
19/12/2025,2275,600,00001317,56.58,
21/02/2025,1353,600,00000756,56.63,
30/08/2024,856,600,00000453,56.87,
23/01/2026,2343,600,00001344,57.04,
29/05/2025,1588,600,00000936,57.43,
22/09/2025,1984,600,00001160,57.5,
24/06/2025,1668,600,00000971,57.86,
20/07/2023,79,600,00000049,57.89,
24/01/2024,397,600,00000223,58.58,
30/11/2023,280,600,00000153,58.69,
26/09/2023,199,600,00000087,58.76,
26/09/2023,198,600,00000088,58.77,
22/09/2025,1957,600,00001122,58.88,
23/09/2024,943,600,00000506,59.5,
30/08/2024,876,600,00000447,59.6,
21/08/2025,1839,600,00001049,59.69,
22/09/2025,1944,600,00001132,59.8,
22/09/2025,1943,600,00001133,60.66,
22/12/2025,2288,600,00001326,61.3,
22/07/2025,1753,600,00001018,62.1,
24/03/2025,1417,600,00000745,62.7,
21/11/2024,1071,600,00000565,63.2,
23/07/2024,810,600,00000397,63.25,
22/10/2024,997,600,00000530,64.77,
20/12/2023,337,600,00000213,65.0,
23/12/2024,1571,600,00000659,65.0,
21/02/2025,1314,600,00000738,65.0,
23/01/2026,2330,600,00001351,65.55,
23/03/2026,2482,600,00001511,65.93,
27/05/2024,621,600,00000339,66.63,
24/01/2024,414,600,00000219,66.98,
22/07/2025,1796,600,00001026,67.85,
21/02/2025,1348,600,00000770,68.36,
30/04/2024,599,600,00000327,69.0,
23/09/2024,957,600,00000491,69.5,
27/11/2024,1129,600,00000588,69.76,
22/03/2024,520,600,00000284,69.99,
22/07/2025,1807,600,00001013,70.14,
27/06/2024,702,600,00000394,70.15,
23/12/2024,1210,600,00000652,70.18,
21/02/2025,1297,600,00000713,70.28,
21/05/2024,618,600,00000334,70.57,
22/09/2025,1950,600,00001111,70.94,
23/07/2024,776,600,00000422,70.98,
22/01/2025,1232,600,00000671,71.28,
21/12/2023,343,600,00000201,72.38,
22/09/2025,1946,600,00001168,72.45,
24/04/2025,1537,600,00000803,73.46,
29/02/2024,440,600,00000249,74.68,
19/12/2025,2277,600,00001278,74.79,
21/10/2025,2103,600,00001202,74.96,
21/11/2025,2155,600,00001241,75.0,
19/12/2025,2204,600,00001288,75.0,
23/12/2024,1203,600,00000636,76.53,
29/05/2025,1586,600,00000915,76.76,
24/10/2023,271,600,00000133,77.99,
19/12/2025,2278,600,00001284,78.09,
21/12/2023,341,600,00000193,78.2,
24/06/2025,1670,600,00000950,78.8,
23/01/2026,2315,600,00001339,79.21,
26/09/2023,200,600,00000086,79.98,
24/06/2025,1667,600,00000970,80.5,
19/12/2025,2276,600,00001316,80.96,
23/07/2024,793,600,00000399,81.74,
23/07/2024,794,600,00000423,81.74,
30/08/2024,879,600,00000472,82.53,
22/09/2025,1955,600,00001155,83.06,
24/01/2024,395,600,00000221,83.14,
19/12/2025,2280,600,00001329,83.66,
22/03/2024,523,600,00000275,83.84,
24/04/2025,1482,600,00000810,84.53,
20/07/2023,75,600,00000053,84.68,
24/03/2025,1386,600,00000796,84.82,
22/07/2025,1778,600,00001020,85.68,
21/10/2025,2057,600,00001204,86.25,
21/02/2025,1343,600,00000717,86.87,
27/06/2024,707,600,00000303,86.9,
24/04/2025,1534,600,00000807,86.94,
23/12/2024,1160,600,00000611,87.16,
21/02/2025,1299,600,00000703,87.16,
21/02/2025,1310,600,00000733,87.4,
22/10/2024,1004,600,00000547,87.41,
20/07/2023,76,600,00000041,87.98,
23/12/2024,1214,600,00000651,88.28,
27/06/2024,718,600,00000380,88.44,
29/05/2025,1582,600,00000907,89.07,
21/08/2025,1844,600,00001092,89.39,
22/10/2024,1007,600,00000526,89.7,
21/05/2024,658,600,00000341,90.56,
30/11/2023,318,600,00000172,91.06,
26/09/2023,201,600,00000085,91.08,
23/08/2023,117,600,00000075,91.68,
30/08/2024,855,600,00000454,91.89,
27/06/2024,721,600,00000359,92.0,
23/01/2026,2385,600,00001393,92.57,
23/12/2024,1198,600,00000624,93.82,
22/12/2025,2289,600,00001325,95.83,
23/01/2026,2386,600,00001392,95.91,
23/02/2026,2429,600,00001417,96.27,
26/09/2023,202,600,00000106,96.84,
21/11/2024,1114,600,00000591,96.97,
30/11/2023,282,600,00000155,97.12,
22/07/2025,1795,600,00001028,97.75,
23/03/2026,2481,600,00001477,97.95,
23/07/2024,801,600,00000396,97.98,
21/11/2024,1065,600,00000581,98.01,
22/12/2025,2293,600,00001322,99.59,
28/05/2025,1577,600,00000856,99.79,
23/09/2024,923,600,00000509,100.1,
27/06/2024,724,600,00000379,101.2,
31/08/2023,133,600,00000077,79.36,
31/08/2023,133,600,00000080,22.25,
23/01/2026,2335,600,00001368,101.89,
30/08/2024,859,600,00000463,101.96,
19/12/2025,2206,600,00001272,105.38,
24/03/2025,1388,600,00000792,105.47,
23/03/2026,2477,600,00001479,106.26,
23/07/2024,803,600,00000416,106.38,
21/02/2025,1318,600,00000746,106.95,
30/12/2025,2268,600,00001309,107.61,
30/08/2024,902,600,00000457,108.1,
22/03/2024,517,600,00000290,108.48,
21/10/2025,2087,600,00001182,109.25,
22/09/2025,1954,600,00001162,109.48,
21/12/2023,383,600,00000195,109.72,
23/02/2026,2392,600,00001381,110.4,
21/05/2024,657,600,00000893,111.0,
30/11/2023,320,600,00000170,113.11,
30/04/2024,558,600,00000305,115.0,
28/04/2025,1498,600,00000819,115.0,
22/09/2025,1947,600,00001176,115.0,
23/02/2026,2397,600,00001408,115.0,
23/12/2024,1209,600,00000640,116.1,
22/09/2025,1961,600,00001137,116.73,
21/05/2024,650,600,00000346,116.74,
23/09/2024,912,600,00000484,118.01,
21/11/2025,2143,600,00001265,118.15,
22/03/2024,524,600,00000276,119.79,
23/01/2026,2316,600,00001363,120.0,
21/10/2025,2058,600,00001226,121.24,
23/12/2024,1165,600,00000613,122.34,
29/02/2024,451,600,00000237,122.41,
24/01/2024,417,600,00000218,123.16,
22/10/2024,991,600,00000898,125.35,
30/08/2024,842,600,00000429,125.49,
21/08/2025,1841,600,00001051,127.36,
21/11/2024,1113,600,00000592,128.46,
21/08/2025,1887,600,00001054,128.71,
21/08/2025,1890,600,00001043,129.88,
19/06/2023,28,600,00000020,131.26,
21/11/2024,1066,600,00000573,132.13,
22/07/2025,1752,600,00001023,132.25,
29/02/2024,453,600,00000264,134.52,
23/12/2024,1172,600,00000648,134.55,
22/01/2025,1276,600,00000682,135.7,
23/01/2026,2333,600,00001345,135.7,
27/09/2023,189,600,00000100,135.97,
22/03/2024,522,600,00000277,136.39,
23/09/2024,948,600,00000479,136.8,
21/02/2025,1349,600,00000721,137.02,
21/10/2025,2061,600,00001190,137.8,
22/03/2024,528,600,00000251,137.83,
27/06/2024,699,600,00000389,138.0,
23/09/2024,946,600,00000477,138.0,
24/03/2025,1384,600,00000765,138.0,
22/09/2025,1993,600,00001140,138.16,
24/03/2025,1425,600,00000894,138.58,
28/06/2023,31,600,00000024,139.0,
23/09/2024,926,600,00000510,140.0,
23/09/2024,914,600,00000502,140.55,
20/07/2023,69,600,00000050,143.75,
30/09/2023,215,600,00000089,87.56,
30/09/2023,215,600,00000090,56.67,
21/08/2025,1850,600,00001066,144.33,
29/02/2024,455,600,00000258,144.98,
22/09/2025,1958,600,00001121,146.15,
20/07/2023,73,600,00000044,147.1,
27/06/2024,708,600,00000390,149.0,
21/10/2025,2090,600,00001196,149.5,
23/07/2024,792,600,00000400,149.62,
15/03/2024,497,600,00000272,149.64,
22/09/2025,1956,600,00001170,149.73,
23/02/2026,2404,600,00001385,150.0,
21/05/2024,614,600,00000343,150.28,
24/06/2025,1661,600,00000952,150.58,
23/12/2024,1159,600,00000650,152.06,
23/08/2023,124,600,00000076,153.75,
24/01/2024,400,600,00000225,153.75,
29/02/2024,441,600,00000248,153.75,
23/12/2024,1211,600,00000642,154.45,
22/10/2024,1003,600,00000552,154.91,
08/05/2025,1568,600,00000857,157.0,
24/04/2025,1492,600,00000903,158.12,
23/02/2026,2432,600,00001413,158.13,
22/10/2024,1008,600,00000550,158.24,
30/11/2023,315,600,00000156,158.7,
22/09/2025,1989,600,00001116,159.75,
22/03/2024,526,600,00000274,159.81,
23/07/2024,777,600,00000413,159.81,
21/05/2024,659,600,00000340,159.85,
22/09/2025,1951,600,00001112,161.0,
23/02/2026,2430,600,00001415,161.72,
21/08/2025,1886,600,00001055,161.9,
29/05/2025,1596,600,00000853,162.42,
24/03/2025,1385,600,00000761,163.24,
29/05/2025,1602,600,00000906,164.45,
30/04/2024,600,600,00000311,166.63,
22/09/2025,1941,600,00001128,167.05,
21/08/2025,1837,600,00001047,169.05,
24/06/2025,1745,600,00000955,169.67,
30/11/2023,330,600,00000167,170.09,
29/02/2024,483,600,00000239,170.2,
25/02/2026,2462,600,00001390,171.55,
22/07/2025,1806,600,00001014,171.6,
30/04/2024,609,600,00000306,171.84,
22/03/2024,507,600,00000300,172.5,
21/05/2024,655,600,00000356,172.5,
24/04/2025,1483,600,00000808,174.23,
24/01/2024,393,600,00000220,174.78,
22/09/2025,1945,600,00001131,175.09,
26/09/2023,160,600,00000116,177.1,
29/05/2025,1590,600,00000866,178.0,
23/02/2026,2400,600,00001377,179.4,
22/01/2025,1278,600,00000667,179.95,
27/06/2024,729,600,00000386,181.18,
21/02/2025,1302,600,00000720,183.57,
23/07/2024,779,600,00000425,184.0,
22/10/2024,990,600,00000892,184.0,
24/06/2025,1711,600,00000989,184.37,
06/12/2023,333,600,00000204,185.15,
22/01/2025,1271,600,00000675,185.85,
28/07/2025,1789,600,00001002,186.46,
21/10/2025,2055,600,00001200,186.88,
30/04/2024,602,600,00000317,189.75,
22/01/2025,1237,600,00000687,190.63,
24/03/2025,1466,600,00000768,191.83,
23/12/2024,1220,600,00000618,194.28,
22/03/2024,500,600,00000234,195.1,
24/04/2025,1481,600,00000809,195.44,
30/08/2024,839,600,00000428,195.5,
21/08/2025,1897,600,00001069,195.5,
21/10/2025,2094,600,00001191,195.5,
23/07/2024,778,600,00000875,197.3,
21/11/2024,1089,600,00000566,198.81,
21/10/2025,2101,600,00001206,200.0,
21/10/2025,2100,600,00001207,200.0,
23/02/2026,2399,600,00001425,201.81,
22/09/2025,1942,600,00001156,202.4,
21/11/2025,2132,600,00001256,202.4,
19/12/2025,2203,600,00001279,202.4,
23/03/2026,2478,600,00001502,202.4,
24/04/2025,1491,600,00000802,203.55,
24/10/2023,220,600,00000143,205.0,
22/03/2024,508,600,00000288,205.0,
27/06/2024,704,600,00000874,205.0,
21/10/2025,2098,600,00001223,205.53,
24/10/2023,268,600,00000147,206.36,
23/02/2026,2423,600,00001407,206.72,
28/06/2023,35,600,00000027,207.0,
22/07/2025,1750,600,00001010,207.0,
21/08/2025,1842,600,00001094,207.0,
23/01/2026,2309,600,00001338,207.0,
30/08/2024,857,600,00000452,209.3,
29/02/2024,481,600,00000242,209.63,
23/02/2026,2402,600,00001403,210.74,
07/03/2024,449,600,00000262,211.51,
24/06/2025,1663,600,00000942,212.87,
29/02/2024,484,600,00000240,213.9,
21/10/2025,2093,600,00001177,214.5,
21/10/2025,2099,600,00001169,214.62,
12/04/2024,554,600,00000310,216.3,
11/07/2023,67,600,00000046,220.72,
22/01/2025,1238,600,00000664,221.95,
22/10/2024,995,600,00000877,222.92,
23/12/2024,1162,600,00000879,222.92,
22/01/2025,1234,600,00000880,222.92,
24/03/2025,1383,600,00000882,222.92,
24/04/2025,1480,600,00000824,222.92,
24/04/2025,1536,600,00000804,225.47,
08/09/2023,156,600,00000115,225.68,
07/08/2023,113,600,00000063,226.09,
21/11/2024,1110,600,00000570,226.28,
23/09/2024,915,600,00000872,227.4,
21/02/2025,1304,600,00000881,227.4,
28/06/2023,37,600,00000025,227.7,
22/10/2024,996,600,00000537,227.7,
21/02/2025,1340,600,00000708,228.0,
21/02/2025,1342,600,00000748,228.0,
09/05/2024,100,805,00000332,228.85,
20/06/2024,698,600,00000377,228.85,
22/07/2024,773,600,00000403,228.85,
20/08/2024,837,600,00000465,228.85,
20/09/2024,910,600,00000476,228.85,
21/10/2024,989,600,00000542,228.85,
20/11/2024,1061,600,00000568,228.85,
20/12/2024,1158,600,00000660,228.85,
20/01/2025,1229,600,00000662,228.85,
20/02/2025,1296,600,00000697,228.85,
20/03/2025,1431,600,00000783,228.85,
17/04/2025,1478,600,00000840,228.85,
20/05/2025,1574,600,00000918,228.85,
21/07/2025,1748,600,00001036,228.85,
20/08/2025,1834,600,00001081,228.85,
22/09/2025,1953,600,00001118,228.85,
20/10/2025,2049,600,00001187,228.85,
20/11/2025,2131,600,00001261,228.85,
19/12/2025,2205,600,00001283,228.85,
20/01/2026,2306,600,00001364,228.85,
20/02/2026,2389,600,00001420,228.85,
22/10/2024,992,600,00000546,229.31,
30/08/2024,850,600,00000439,230.0,
23/09/2024,952,600,00000497,230.0,
30/04/2024,559,600,00000322,230.63,
24/10/2023,266,600,00000125,230.86,
22/10/2024,1025,600,00000535,231.38,
23/09/2024,951,600,00000496,231.45,
22/01/2025,1239,600,00000665,232.02,
25/02/2026,2459,600,00001398,233.11,
28/06/2023,30,600,00000011,46.0,
28/06/2023,30,600,00000016,187.45,
21/05/2024,648,600,00000347,233.47,
27/06/2024,716,600,00000381,233.47,
21/11/2024,1115,600,00000569,235.09,
22/07/2025,1760,600,00001039,237.0,
20/06/2024,697,600,00000360,240.05,
21/02/2025,1339,600,00000718,242.52,
23/01/2026,2308,600,00001332,243.25,
24/03/2025,1465,600,00000767,243.78,
27/06/2024,713,600,00000373,243.8,
21/11/2025,2187,600,00001233,244.56,
22/07/2025,1798,600,00001032,246.01,
21/12/2023,379,600,00000199,247.12,
21/10/2025,2117,600,00001209,247.12,
21/11/2025,2141,600,00001258,248.08,
21/08/2025,1836,600,00001064,248.4,
24/10/2023,222,600,00000140,249.26,
30/11/2023,286,600,00000178,249.26,
21/12/2023,389,600,00000203,249.26,
24/01/2024,401,600,00000230,249.26,
29/02/2024,444,600,00000255,249.26,
22/03/2024,501,600,00000269,249.26,
30/04/2024,556,600,00000321,249.26,
21/05/2024,613,600,00000351,249.26,
27/06/2024,701,600,00000370,249.26,
23/07/2024,774,600,00000424,249.26,
30/08/2024,844,600,00000468,249.26,
23/09/2024,920,600,00000492,249.26,
22/10/2024,1000,600,00000521,249.26,
21/11/2024,1080,600,00000598,249.26,
23/12/2024,1166,600,00000647,249.26,
22/01/2025,1240,600,00000689,249.26,
21/02/2025,1312,600,00000749,249.26,
24/03/2025,1389,600,00000774,249.26,
24/04/2025,1486,600,00000821,249.26,
29/05/2025,1591,600,00000926,249.26,
24/06/2025,1666,600,00000961,249.26,
22/07/2025,1756,600,00001015,249.26,
21/08/2025,1845,600,00001046,249.26,
22/09/2025,2000,600,00001166,249.26,
21/10/2025,2054,600,00001219,249.26,
21/11/2024,1063,600,00000899,250.7,
23/02/2026,2403,600,00001405,250.71,
22/09/2025,1938,600,00001129,251.57,
21/01/2026,2307,600,00001365,251.62,
21/10/2025,2051,600,00001192,253.0,
08/01/2025,1227,600,00000695,253.1,
23/09/2024,941,600,00000500,254.33,
29/05/2025,1584,600,00000864,255.24,
11/02/2026,32,601,00001379,255.27,
29/05/2025,1585,600,00000865,255.88,
26/09/2023,159,600,00000117,256.25,
19/12/2025,2209,600,00001276,257.14,
21/08/2025,1846,600,00001071,258.01,
29/02/2024,443,600,00000243,258.75,
23/12/2024,1164,600,00000609,258.75,
21/05/2024,646,600,00000337,259.67,
27/06/2024,722,600,00000385,259.67,
23/07/2024,811,600,00000398,259.67,
30/08/2024,851,600,00000440,259.67,
23/09/2024,945,600,00000478,259.67,
22/10/2024,1030,600,00000517,259.67,
23/12/2024,1173,600,00000612,259.67,
23/03/2026,2487,600,00001491,260.03,
26/09/2023,197,600,00000084,262.08,
22/01/2025,1279,600,00000868,262.41,
24/10/2023,219,600,00000137,262.49,
27/01/2026,2369,600,00001356,264.1,
28/04/2025,1527,600,00000825,264.29,
22/12/2025,2291,600,00001312,264.41,
22/12/2025,2294,600,00001324,264.41,
24/08/2023,134,600,00000060,10.3,
24/08/2023,134,600,00000074,255.02,
30/08/2024,865,600,00000436,266.62,
28/03/2025,1403,600,00000762,268.18,
30/04/2024,601,600,00000316,268.64,
23/12/2024,1208,600,00000635,270.3,
30/11/2023,331,600,00000166,270.48,
23/12/2024,1213,600,00000643,270.63,
22/01/2025,1275,600,00000681,271.75,
27/06/2024,728,600,00000391,272.0,
21/02/2025,1337,600,00000753,273.13,
21/02/2025,1313,600,00000736,273.53,
30/08/2024,840,600,00000876,274.17,
21/11/2025,2156,600,00001242,274.87,
12/03/2025,1379,600,00000760,274.88,
24/04/2025,1484,600,00000801,274.99,
21/10/2025,2050,600,00001201,277.13,
21/10/2025,2109,600,00001198,277.31,
23/01/2026,2342,600,00001343,277.73,
21/11/2024,1069,600,00000878,278.65,
26/09/2023,203,600,00000105,279.02,
22/09/2025,1965,600,00001138,281.85,
23/07/2024,780,600,00000402,282.42,
09/04/2025,1468,600,00000822,284.03,
21/10/2025,2097,600,00001225,284.05,
28/05/2025,1575,600,00000841,287.51,
21/11/2025,2144,600,00001244,287.51,
25/06/2025,1678,600,00000995,288.68,
25/02/2026,2465,600,00001404,290.63,
22/01/2025,1236,600,00000663,292.91,
21/08/2025,1888,600,00001086,294.19,
24/03/2025,1467,600,00000870,295.48,
24/03/2025,1387,600,00000773,297.0,
23/08/2023,120,600,00000058,297.53,
21/12/2023,378,600,00000188,298.26,
22/03/2024,504,600,00000297,299.0,
21/08/2025,1843,600,00001093,299.0,
21/11/2024,1079,600,00000585,299.48,
21/11/2024,1068,600,00000587,300.5,
29/05/2025,1583,600,00000921,300.75,
24/03/2025,1381,600,00000779,301.14,
23/12/2024,1174,600,00000626,302.04,
22/09/2025,2018,600,00001161,302.21,
21/10/2025,2095,600,00001186,302.21,
21/11/2025,2139,600,00001260,302.21,
21/10/2025,2052,600,00001228,303.6,
18/10/2024,987,600,00000533,303.8,
23/02/2026,2395,600,00001387,304.04,
21/08/2025,1889,600,00001042,304.59,
28/04/2025,1514,600,00000812,304.62,
30/11/2023,283,600,00000182,304.75,
21/11/2024,1111,600,00000594,306.93,
30/11/2023,329,600,00000168,306.94,
27/06/2025,1695,600,00000968,309.35,
24/10/2023,270,600,00000132,309.99,
19/12/2025,2281,600,00001274,311.18,
22/09/2025,2019,600,00001152,314.71,
21/02/2025,1330,600,00000729,314.87,
24/03/2025,1420,600,00000791,314.87,
21/11/2025,2137,600,00001255,316.78,
11/10/2023,216,600,00000139,316.94,
22/01/2025,1263,600,00000669,319.13,
20/11/2024,1062,600,00000586,319.73,
24/04/2025,1487,600,00000805,320.0,
23/01/2026,2334,600,00001346,320.15,
22/10/2024,998,600,00000531,320.49,
08/10/2024,986,600,00000527,321.14,
29/05/2025,1601,600,00000914,321.29,
24/06/2025,1674,600,00000958,321.29,
22/07/2025,1794,600,00001027,321.29,
21/08/2025,1910,600,00001073,321.29,
22/10/2024,1029,600,00000516,322.0,
21/11/2024,1092,600,00000564,322.0,
22/07/2025,1800,600,00000982,322.0,
29/02/2024,480,600,00000241,322.2,
11/11/2025,2129,600,00001254,324.57,
30/08/2024,906,600,00000466,325.13,
22/09/2025,1952,600,00001154,326.03,
24/06/2025,1672,600,00000947,326.53,
23/09/2024,918,600,00000482,326.8,
23/12/2024,1170,600,00000661,328.25,
23/02/2026,2394,600,00001399,329.9,
30/12/2025,2261,600,00001292,330.18,
24/01/2024,394,600,00000222,331.34,
24/06/2025,1671,600,00000943,332.9,
22/01/2025,1262,600,00000684,332.98,
22/01/2025,1266,600,00000696,333.5,
28/08/2025,1907,600,00001076,336.17,
22/03/2024,530,600,00000279,337.42,
23/12/2024,1217,600,00000620,337.46,
23/02/2026,2422,600,00001406,338.09,
22/03/2024,505,600,00000302,340.6,
22/07/2025,1759,600,00001009,340.92,
21/08/2025,1838,600,00001048,340.98,
23/12/2024,1207,600,00000639,341.05,
23/12/2024,1205,600,00000653,341.05,
18/01/2024,391,600,00000226,341.09,
30/08/2024,843,600,00000427,341.55,
20/02/2024,437,600,00000245,341.58,
21/02/2025,1331,600,00000743,342.13,
20/11/2023,274,600,00000180,343.37,
23/12/2024,1219,600,00000614,343.53,
18/08/2023,114,600,00000056,344.06,
29/02/2024,446,600,00000247,345.0,
19/09/2023,157,600,00000118,345.93,
24/04/2025,1489,600,00000848,345.97,
21/12/2023,345,600,00000208,346.25,
23/08/2023,118,600,00000055,347.1,
18/12/2023,334,600,00000210,347.82,
27/11/2024,1127,600,00000561,349.95,
21/10/2025,2102,600,00001205,350.0,
30/08/2024,901,600,00000456,351.76,
21/05/2024,619,600,00000350,355.52,
24/01/2024,398,600,00000228,356.5,
29/02/2024,445,600,00000256,356.5,
30/10/2023,226,600,00000141,358.17,
22/09/2025,1939,600,00001125,359.39,
11/03/2026,2472,600,00001438,363.79,
27/09/2023,183,600,00000093,364.01,
29/05/2025,1587,600,00000935,364.25,
29/05/2025,1656,600,00000916,364.32,
21/02/2025,1300,600,00000702,367.15,
30/04/2024,603,600,00000318,368.0,
27/06/2024,738,600,00000384,368.0,
21/11/2025,2136,600,00001271,369.53,
23/02/2026,2401,600,00001421,369.73,
24/01/2024,415,600,00000227,370.5,
22/12/2025,2292,600,00001311,371.5,
22/03/2024,529,600,00000250,372.08,
10/12/2025,2202,600,00001273,372.55,
21/12/2023,339,600,00000212,373.75,
29/02/2024,452,600,00000263,375.39,
15/01/2026,2303,600,00001366,378.72,
21/10/2025,2116,600,00001208,378.83,
21/11/2024,1074,600,00000595,379.5,
22/09/2025,1948,600,00001153,379.5,
21/12/2023,386,600,00000184,379.73,
21/11/2024,1091,600,00000548,380.14,
27/09/2023,188,600,00000101,380.21,
21/08/2025,1911,600,00001074,382.95,
23/03/2026,2483,600,00001503,385.25,
27/11/2024,1131,600,00000558,385.48,
21/05/2024,617,600,00000873,388.75,
27/06/2024,733,600,00000885,393.31,
24/10/2023,258,600,00000150,394.34,
22/12/2025,2287,600,00001314,396.22,
23/07/2024,806,600,00000406,398.82,
22/03/2024,502,600,00000261,399.28,
21/12/2023,382,600,00000197,400.09,
28/04/2025,1510,600,00000817,400.74,
29/02/2024,482,600,00000238,403.65,
11/08/2025,1832,600,00001096,404.53,
30/12/2025,2260,600,00001289,404.62,
21/11/2025,2145,600,00001245,408.07,
10/10/2025,2028,600,00001184,409.5,
23/08/2023,121,600,00000072,409.64,
02/10/2024,928,600,00000512,418.18,
01/11/2024,1011,600,00000551,418.18,
02/12/2024,1093,600,00000603,418.18,
31/12/2024,1177,600,00000900,418.18,
31/01/2025,1243,600,00000692,418.18,
28/02/2025,1322,600,00000751,418.18,
31/03/2025,1396,600,00000790,418.18,
30/04/2025,1499,600,00000849,418.18,
03/06/2025,1603,600,00000929,418.18,
30/06/2025,1683,600,00000948,418.18,
31/07/2025,1761,600,00001012,418.18,
24/08/2023,132,600,00000065,91.43,
24/08/2023,132,600,00000073,19.84,
24/08/2023,132,600,00000079,307.34,
27/01/2026,2341,600,00001369,420.61,
28/04/2025,1497,600,00000844,420.9,
21/02/2025,1333,600,00000710,424.95,
30/08/2024,853,600,00000467,426.44,
27/01/2026,2368,600,00001334,430.05,
30/08/2024,870,600,00000430,434.53,
25/06/2025,1675,600,00000956,434.7,
29/05/2025,1597,600,00000909,437.0,
24/04/2025,1533,600,00000845,438.0,
20/07/2023,68,600,00000036,207.45,
20/07/2023,68,600,00000043,231.96,
30/08/2024,867,600,00000433,448.28,
29/05/2025,1612,600,00000859,448.5,
21/02/2025,1308,600,00000755,448.62,
09/08/2024,835,600,00000450,450.5,
21/11/2025,2182,600,00001232,451.81,
22/10/2024,1009,600,00000896,453.63,
27/09/2023,161,600,00000091,454.25,
23/02/2026,2396,600,00001394,454.25,
24/10/2023,259,600,00000149,456.55,
21/10/2025,2060,600,00001178,458.05,
30/08/2024,864,600,00000435,458.24,
26/09/2023,194,600,00000104,458.85,
21/02/2025,1305,600,00000744,458.85,
30/04/2024,608,600,00000319,461.05,
24/10/2023,267,600,00000127,469.42,
27/03/2025,1407,600,00000766,473.75,
19/12/2025,2208,600,00001304,474.38,
27/09/2023,165,600,00000112,478.86,
23/02/2026,2431,600,00001414,479.73,
25/02/2026,2463,600,00001391,480.21,
28/07/2025,1790,600,00001003,482.63,
28/06/2023,34,600,00000017,373.75,
28/06/2023,34,600,00000029,112.7,
22/10/2024,1035,600,00000518,486.45,
22/09/2025,1997,600,00001141,490.13,
27/09/2023,163,600,00000114,498.65,
23/12/2024,1175,600,00000654,499.04,
23/01/2026,2312,600,00001348,499.48,
22/03/2024,499,600,00000298,500.0,
21/11/2025,2140,600,00001246,500.25,
21/11/2024,1108,600,00000604,504.82,
27/01/2026,2367,600,00001331,506.35,
23/03/2026,2480,600,00001470,510.23,
21/12/2023,381,600,00000198,512.33,
23/12/2024,1218,600,00000621,512.74,
23/09/2024,927,600,00000474,517.5,
22/03/2024,531,600,00000278,522.95,
22/03/2024,512,600,00000265,526.79,
23/12/2024,1206,600,00000638,526.87,
24/01/2024,399,600,00000229,528.18,
29/02/2024,447,600,00000252,528.18,
27/09/2023,162,600,00000111,528.3,
24/10/2023,218,600,00000122,528.3,
23/09/2024,958,600,00000487,528.59,
29/05/2025,1657,600,00000861,529.12,
27/06/2024,717,600,00000368,541.88,
04/04/2025,234,805,00000806,552.0,
24/03/2025,1392,600,00000795,554.3,
25/02/2026,2461,600,00001396,554.67,
29/05/2025,1598,600,00000858,559.44,
28/04/2025,1511,600,00000815,561.89,
30/08/2024,868,600,00000434,564.79,
21/11/2025,2183,600,00001235,571.1,
23/03/2026,2486,600,00001458,572.7,
10/09/2025,1936,600,00001135,575.39,
27/06/2024,714,600,00000372,578.45,
30/11/2023,316,600,00000157,585.52,
20/07/2023,74,600,00000035,588.68,
23/08/2023,122,600,00000059,588.68,
29/02/2024,442,600,00000244,589.05,
23/12/2024,1192,600,00000629,594.15,
30/08/2024,871,600,00000431,594.41,
28/08/2025,1857,600,00001053,601.34,
24/06/2025,1660,600,00000951,604.18,
26/09/2023,196,600,00000107,609.21,
21/02/2025,1298,600,00000714,615.05,
27/09/2023,182,600,00000092,615.74,
11/04/2024,578,600,00000282,615.94,
24/01/2024,416,600,00000217,620.73,
11/04/2024,579,600,00000281,630.2,
23/02/2026,2390,600,00001400,632.51,
24/03/2025,1419,600,00000780,635.39,
21/11/2024,1117,600,00000590,638.78,
23/12/2024,1167,600,00000644,641.64,
22/01/2025,1264,600,00000668,650.9,
30/12/2025,2265,600,00001296,654.95,
30/08/2024,866,600,00000432,656.33,
21/12/2023,344,600,00000202,658.4,
30/04/2024,560,600,00000326,661.25,
28/04/2025,1494,600,00000834,668.15,
29/05/2025,1611,600,00000904,670.43,
29/09/2023,176,600,00000097,676.15,
29/05/2025,1615,600,00000922,686.44,
30/04/2024,595,600,00000325,690.0,
21/11/2024,1064,600,00000582,690.0,
22/09/2025,1937,600,00001127,690.0,
22/09/2025,1940,600,00001126,690.0,
05/04/2024,571,600,00000286,691.75,
21/10/2025,2096,600,00001224,692.02,
22/09/2025,2024,600,00001107,692.26,
22/09/2025,1987,600,00001164,698.22,
23/08/2023,123,600,00000081,713.0,
23/07/2024,796,600,00000420,713.0,
21/11/2024,1073,600,00000606,713.0,
30/11/2023,322,600,00000160,715.88,
05/04/2024,573,600,00000323,718.52,
27/01/2026,2372,600,00001360,723.87,
27/06/2024,734,600,00000886,724.5,
28/05/2025,1576,600,00000811,728.55,
24/06/2025,1669,600,00000949,735.74,
23/07/2024,797,600,00000421,736.0,
28/06/2023,38,600,00000030,737.6,
25/02/2026,2458,600,00001389,751.08,
11/04/2024,576,600,00000283,758.49,
22/10/2024,1033,600,00000545,758.57,
24/10/2023,263,600,00000131,767.89,
19/12/2025,2230,600,00001280,770.0,
21/05/2024,652,600,00000303,771.12,
21/10/2025,2105,600,00001195,771.62,
30/12/2025,2262,600,00001290,774.3,
29/05/2025,1613,600,00000923,775.45,
21/08/2023,115,600,00000057,778.26,
21/11/2024,1088,600,00000579,784.76,
21/11/2025,2146,600,00001257,788.0,
29/05/2025,1607,600,00000913,794.08,
27/01/2026,2327,600,00001342,795.24,
30/04/2024,596,600,00000324,814.2,
28/10/2025,2073,600,00001222,816.45,
23/09/2024,922,600,00000503,818.63,
03/03/2025,1454,600,00000734,820.73,
21/08/2025,1835,600,00001065,820.94,
30/08/2024,869,600,00000442,826.53,
23/12/2024,1215,600,00000619,826.59,
28/06/2023,40,600,00000028,833.75,
29/05/2025,1599,600,00000930,842.5,
22/07/2025,1758,600,00001019,845.0,
24/04/2025,1532,600,00000799,852.61,
30/04/2024,561,600,00000308,859.63,
21/05/2024,645,600,00000335,860.2,
25/02/2026,2466,600,00001424,860.25,
30/12/2025,2267,600,00001282,862.21,
22/01/2025,1241,600,00000891,865.95,
25/02/2026,2464,600,00001397,866.43,
21/11/2025,2185,600,00001236,875.05,
28/04/2025,1530,600,00000871,877.68,
30/11/2023,284,600,00000154,883.84,
27/06/2024,705,600,00000382,885.55,
21/11/2025,2134,600,00001263,897.34,
29/05/2025,1593,600,00000938,908.5,
25/06/2025,1707,600,00000979,914.25,
25/02/2026,2457,600,00001427,914.3,
29/05/2025,1592,600,00000934,917.12,
27/01/2026,2350,600,00001371,917.7,
30/08/2024,860,600,00000462,922.58,
29/05/2025,1655,600,00000862,925.55,
22/09/2025,2021,600,00001130,927.57,
21/10/2025,2111,600,00001172,927.62,
22/12/2025,2297,600,00001297,927.68,
23/01/2026,2314,600,00001367,927.68,
23/03/2026,2485,600,00001466,927.75,
28/07/2025,1781,600,00001005,936.1,
24/06/2025,1662,600,00000953,944.45,
30/08/2024,905,600,00000444,946.29,
29/05/2025,1652,600,00000850,948.55,
21/02/2025,1336,600,00000728,950.13,
22/09/2025,1988,600,00001117,958.7,
27/06/2025,1697,600,00000966,967.61,
29/02/2024,460,600,00000254,973.73,
28/06/2023,36,600,00000018,977.44,
21/11/2025,2160,600,00001269,980.81,
23/09/2024,959,600,00000488,985.73,
23/09/2024,954,600,00000485,995.6,
30/11/2023,324,600,00000158,998.78,
23/03/2026,2479,600,00001504,1000.5,
30/11/2023,326,600,00000165,1004.64,
27/06/2025,1700,600,00000965,1008.32,
29/05/2025,1654,600,00000863,1008.78,
23/12/2024,1194,600,00000627,1009.06,
23/12/2024,1193,600,00000631,1009.06,
29/09/2023,177,600,00000096,1009.3,
23/09/2024,924,600,00000489,1014.51,
27/06/2025,1703,600,00000962,1015.98,
21/10/2025,2114,600,00001174,1019.35,
28/04/2025,1522,600,00000835,1019.87,
23/09/2024,917,600,00000481,1051.57,
27/06/2025,1690,600,00000976,1058.23,
21/02/2025,1334,600,00000726,1059.61,
21/11/2024,1116,600,00000567,1061.75,
30/12/2025,2266,600,00001294,1064.81,
27/11/2024,1125,600,00000563,1070.19,
24/06/2025,1673,600,00000972,1072.61,
22/10/2024,1002,600,00000513,1075.25,
27/09/2023,166,600,00000108,1099.68,
22/09/2025,1990,600,00001115,1122.63,
21/08/2025,1847,600,00001040,1131.42,
21/08/2025,1898,600,00001068,1144.25,
23/07/2024,798,600,00000412,1148.62,
23/12/2024,1188,600,00000632,1148.9,
24/03/2025,1426,600,00000897,1153.04,
27/11/2024,1128,600,00000560,1169.26,
23/09/2024,950,600,00000498,1175.94,
30/12/2025,2263,600,00001330,1178.46,
28/07/2025,1784,600,00000999,1183.06,
22/09/2025,2022,600,00001110,1192.03,
24/10/2023,262,600,00000124,1196.0,
22/03/2024,509,600,00000266,1196.0,
21/11/2025,2181,600,00001231,1200.27,
21/05/2024,653,600,00000336,1215.09,
28/08/2025,1855,600,00001085,1216.01,
21/11/2025,2150,600,00001251,1217.57,
28/03/2025,1404,600,00000763,1218.77,
29/05/2025,1614,600,00000855,1226.65,
20/03/2024,498,600,00000299,1229.64,
23/11/2023,275,600,00000183,1234.72,
27/02/2024,439,600,00000260,1234.72,
21/05/2024,656,600,00000354,1234.72,
20/02/2025,1295,600,00000730,1236.08,
22/01/2024,392,600,00000224,1238.33,
21/11/2025,2157,600,00001238,1244.32,
28/07/2025,1792,600,00001004,1249.45,
20/02/2026,2388,600,00001384,1265.26,
24/06/2025,1664,600,00000990,1278.57,
22/03/2024,510,600,00000267,1279.38,
23/08/2023,116,600,00000083,1279.95,
27/03/2025,1409,600,00000798,1285.84,
21/11/2025,2186,600,00001237,1287.51,
20/07/2023,71,600,00000047,1293.06,
20/01/2025,1228,600,00000680,1304.11,
23/12/2024,1216,600,00000615,1309.74,
28/04/2025,1526,600,00000826,1314.31,
28/07/2025,1791,600,00001006,1314.59,
24/10/2023,261,600,00000121,1321.19,
21/08/2025,1852,600,00001063,1321.19,
27/06/2025,1694,600,00000978,1329.12,
21/11/2024,1067,600,00000602,1336.3,
24/03/2025,1382,600,00000786,1336.3,
22/12/2025,2273,600,00001319,1336.3,
23/02/2026,2391,600,00001383,1336.3,
05/05/2023,5,600,00000013,1345.0,
20/07/2023,72,600,00000040,1353.55,
28/04/2025,1529,600,00000831,1357.17,
21/10/2025,2113,600,00001179,1363.75,
24/10/2023,264,600,00000128,1368.5,
22/09/2025,2023,600,00001108,1373.84,
22/07/2024,772,600,00000419,1383.0,
28/04/2025,1525,600,00000828,1400.93,
20/09/2023,158,600,00000119,1410.29,
27/09/2023,191,600,00000095,1410.59,
27/01/2026,2326,600,00001341,1411.07,
22/01/2025,1277,600,00000686,1413.94,
12/06/2023,27,600,00000032,799.25,
12/06/2023,27,600,00000033,626.75,
30/11/2023,321,600,00000169,1436.93,
24/04/2025,1490,600,00000846,1437.5,
21/02/2025,1319,600,00000712,1437.97,
21/02/2025,1321,600,00000752,1438.43,
20/12/2024,1157,600,00000645,1445.63,
21/10/2025,2118,600,00001194,1461.08,
20/07/2023,81,600,00000045,1464.51,
29/05/2025,1651,600,00000917,1464.85,
25/02/2026,2414,600,00001435,1470.54,
28/08/2025,1872,600,00001098,1474.48,
25/02/2026,2467,600,00001423,1478.69,
20/06/2024,696,600,00000362,1485.52,
27/06/2025,1701,600,00000963,1491.3,
21/12/2023,380,600,00000200,1495.0,
23/01/2026,2387,600,00001373,1496.86,
28/04/2025,1507,600,00000818,1497.02,
28/04/2025,1508,600,00000842,1499.2,
23/07/2024,781,600,00000417,1504.0,
27/06/2024,731,600,00000388,1512.25,
21/12/2023,387,600,00000215,1521.45,
23/12/2024,1190,600,00000630,1524.34,
22/01/2025,1230,600,00000673,1530.36,
20/11/2025,2130,600,00001259,1537.77,
21/11/2025,2149,600,00001250,1549.64,
20/10/2023,217,600,00000144,1554.71,
28/08/2025,1871,600,00001045,1564.29,
21/08/2025,1853,600,00001095,1565.27,
23/12/2024,1176,600,00000658,1569.0,
20/05/2025,1573,600,00000919,1569.01,
08/09/2025,1903,600,00001059,1576.77,
21/10/2025,2115,600,00001213,1581.42,
20/02/2024,438,600,00000246,1590.79,
22/10/2024,1026,600,00000536,1603.42,
27/11/2024,1130,600,00000559,1611.84,
22/09/2025,1991,600,00001100,1619.19,
23/06/2025,1659,600,00000945,1620.17,
20/10/2025,2048,600,00001188,1627.3,
23/07/2024,809,600,00000405,1644.5,
27/01/2026,2371,600,00001333,1648.41,
21/07/2025,1747,600,00001011,1653.95,
30/08/2024,904,600,00000443,1666.86,
23/09/2025,1977,600,00001113,1670.38,
21/11/2024,1086,600,00000575,1681.25,
20/12/2023,336,600,00000209,1704.03,
24/03/2025,1393,600,00000794,1719.25,
30/08/2024,874,600,00000458,1722.93,
21/10/2025,2108,600,00001185,1723.63,
27/06/2025,1689,600,00000977,1729.34,
28/08/2025,1870,600,00001044,1734.21,
20/01/2026,2305,600,00001337,1734.21,
30/08/2024,841,600,00000451,1742.89,
30/11/2023,327,600,00000164,1759.5,
20/11/2024,1060,600,00000608,1765.22,
21/10/2025,2110,600,00001199,1775.32,
22/07/2025,1802,600,00001034,1779.05,
27/06/2025,1692,600,00000991,1779.97,
23/07/2024,807,600,00000407,1790.21,
22/03/2024,511,600,00000268,1794.0,
22/09/2025,1949,600,00001106,1801.94,
22/04/2025,1479,600,00000823,1806.87,
21/10/2024,988,600,00000528,1816.6,
28/04/2025,1519,600,00000838,1837.27,
20/03/2025,1380,600,00000781,1838.39,
22/12/2025,2210,600,00001328,1842.14,
22/04/2024,555,600,00000312,1851.26,
20/05/2024,612,600,00000329,1896.39,
20/08/2025,1833,600,00001091,1912.67,
18/12/2025,2226,600,00001302,1925.99,
22/12/2025,2296,600,00001308,1936.92,
20/08/2024,836,600,00000426,1949.86,
30/11/2023,281,600,00000176,1956.29,
20/09/2024,909,600,00000493,1961.84,
27/11/2024,1132,600,00000557,1974.96,
24/10/2025,2079,600,00001230,1992.39,
16/09/2025,2005,600,00001148,2001.0,
24/10/2025,2077,600,00001217,2014.51,
27/01/2026,2340,600,00001355,2016.69,
28/04/2025,1521,600,00000836,2022.12,
21/11/2024,1072,600,00000596,2033.2,
23/09/2024,953,600,00000486,2033.23,
30/11/2023,278,600,00000177,2035.42,
21/11/2025,2147,600,00001268,2042.68,
22/09/2025,1983,600,00001144,2047.74,
22/09/2025,1996,600,00001142,2048.96,
21/11/2025,2158,600,00001240,2090.08,
28/04/2025,1513,600,00000813,2096.14,
27/03/2025,1410,600,00000787,2096.56,
18/12/2025,2282,600,00001299,2101.05,
27/05/2024,634,600,00000889,2103.65,
24/10/2025,2078,600,00001215,2105.22,
11/04/2024,580,600,00000280,2117.15,
24/10/2025,2076,600,00001229,2125.21,
23/09/2024,949,600,00000499,2127.19,
25/02/2026,2460,600,00001432,2146.62,
21/02/2025,1303,600,00000742,2149.35,
21/10/2025,2120,600,00001180,2149.35,
30/11/2023,328,600,00000163,2150.5,
20/03/2026,2476,600,00001489,2176.9,
23/09/2024,921,600,00000501,2181.55,
21/10/2025,2121,600,00001216,2209.73,
27/01/2026,2337,600,00001353,2213.76,
24/10/2023,265,600,00000129,2220.07,
23/07/2024,805,600,00000409,2223.87,
22/07/2025,1776,600,00000996,2242.5,
29/05/2025,1653,600,00000860,2268.92,
27/06/2025,1693,600,00000975,2285.15,
28/03/2025,1405,600,00000778,2294.02,
22/09/2025,1995,600,00001123,2334.27,
27/06/2025,1702,600,00000994,2350.43,
25/02/2026,2471,600,00001426,2350.89,
21/11/2025,2148,600,00001249,2357.65,
18/12/2025,2228,600,00001287,2359.82,
21/02/2025,1338,600,00000737,2363.25,
22/07/2025,1780,600,00001035,2373.13,
16/09/2025,2006,600,00001149,2403.5,
27/01/2026,2338,600,00001354,2412.99,
18/12/2025,2227,600,00001300,2439.44,
20/07/2023,77,600,00000051,979.04,
20/07/2023,77,600,00000052,1463.01,
21/10/2025,2119,600,00001214,2463.3,
27/05/2024,620,600,00000333,2466.75,
21/12/2023,388,600,00000216,2487.45,
25/06/2025,1677,600,00000959,2507.35,
22/01/2025,1261,600,00000685,2515.91,
21/12/2023,377,600,00000189,2522.71,
22/10/2024,1032,600,00000519,2527.7,
21/11/2025,2151,600,00001252,2534.76,
22/07/2025,1801,600,00001030,2547.83,
18/12/2025,2283,600,00001303,2584.05,
11/04/2024,581,600,00000294,2591.28,
25/02/2026,2424,600,00001378,2608.2,
18/05/2023,3,600,00000001,2616.25,
24/10/2025,2080,600,00001175,2623.31,
18/12/2025,2284,600,00001307,2656.5,
27/01/2026,2336,600,00001375,2665.14,
27/01/2026,2339,600,00001362,2676.2,
25/02/2026,2406,600,00001422,2677.32,
25/02/2026,2470,600,00001402,2682.96,
27/06/2024,712,600,00000378,2696.52,
11/04/2024,577,600,00000293,2711.64,
20/07/2023,78,600,00000042,2150.5,
20/07/2023,78,600,00000048,567.53,
22/07/2025,1755,600,00001025,2735.09,
30/11/2023,319,600,00000171,2737.0,
18/05/2023,4,600,00000004,2737.5,
27/06/2024,723,600,00000369,2737.58,
28/07/2025,1783,600,00000997,2740.68,
31/08/2023,137,600,00000064,1388.63,
31/08/2023,137,600,00000071,1362.09,
18/12/2025,2285,600,00001306,2799.1,
25/02/2026,2469,600,00001401,2806.87,
22/09/2025,1985,600,00001158,2825.55,
28/04/2025,1520,600,00000837,2826.06,
29/09/2023,175,600,00000098,2830.36,
22/10/2024,1010,600,00000504,2865.98,
30/08/2024,873,600,00000459,2871.55,
30/08/2024,872,600,00000460,2871.55,
22/10/2024,994,600,00000515,2871.55,
22/10/2024,1031,600,00000520,2907.66,
27/03/2025,1408,600,00000759,2911.1,
23/12/2024,1161,600,00000634,2912.64,
22/01/2025,1233,600,00000672,2919.28,
21/02/2025,1301,600,00000747,2919.28,
28/04/2025,1493,600,00000832,2919.28,
28/04/2025,1495,600,00000833,2919.28,
28/08/2025,1908,600,00001078,2925.93,
22/09/2025,1999,600,00001134,2985.0,
28/07/2025,1785,600,00000998,3004.44,
23/08/2023,119,600,00000082,3005.52,
29/05/2025,1581,600,00000908,3040.03,
21/02/2025,1335,600,00000711,3054.89,
22/09/2025,1982,600,00001145,3054.98,
21/08/2025,1884,600,00001057,3103.28,
24/10/2023,260,600,00000148,3103.6,
28/08/2025,1856,600,00001052,3163.65,
21/10/2025,2122,600,00001173,3163.65,
21/11/2025,2188,600,00001248,3186.08,
22/12/2025,2274,600,00001327,3186.08,
27/01/2026,2317,600,00001347,3186.08,
27/01/2026,2370,600,00001361,3193.04,
27/06/2025,1699,600,00000964,3215.4,
22/07/2025,1797,600,00001031,3218.28,
27/09/2023,186,600,00000109,3225.75,
24/03/2025,1421,600,00000771,3227.82,
28/08/2025,1905,600,00001075,3229.09,
21/08/2025,1885,600,00001058,3284.4,
21/08/2025,1881,600,00001056,3341.9,
23/09/2024,925,600,00000508,3376.42,
22/09/2025,1986,600,00001159,3381.0,
22/10/2024,1034,600,00000544,3388.02,
28/07/2025,1786,600,00001001,3394.18,
28/08/2025,1904,600,00001080,3428.15,
21/11/2025,2184,600,00001234,3430.79,
21/08/2025,1882,600,00001089,3435.63,
25/06/2025,1706,600,00000980,3444.25,
29/05/2025,1595,600,00000940,3477.22,
27/06/2024,732,600,00000392,3491.56,
28/04/2025,1528,600,00000827,3502.99,
21/11/2025,2159,600,00001239,3632.12,
25/06/2025,1679,600,00000960,3646.8,
21/02/2025,1311,600,00000701,3654.6,
30/08/2024,863,600,00000441,3669.33,
28/04/2025,1509,600,00000816,3674.25,
21/08/2025,1883,600,00001090,3719.68,
27/06/2024,735,600,00000887,3747.28,
22/10/2024,1006,600,00000883,3880.1,
29/05/2025,1609,600,00000912,3970.38,
23/07/2024,799,600,00000411,4020.17,
24/03/2025,1422,600,00000772,4052.59,
30/11/2023,323,600,00000159,4140.0,
22/10/2024,1001,600,00000534,4199.22,
24/06/2025,1716,600,00000982,4218.2,
28/07/2025,1782,600,00001029,4218.52,
05/04/2024,572,600,00000285,4249.71,
29/02/2024,461,600,00000253,4278.92,
02/09/2025,1858,600,00001099,4296.95,
22/07/2025,1799,600,00001033,4310.78,
28/08/2025,1909,600,00001079,4319.22,
22/10/2024,1005,600,00000523,4351.6,
03/03/2025,1455,600,00000700,4351.6,
03/03/2025,1456,600,00000732,4351.6,
24/03/2025,1391,600,00000784,4401.04,
05/04/2024,2,601,00000301,4428.81,
29/05/2025,1616,600,00000854,4433.6,
02/09/2025,1863,600,00001061,4458.55,
21/02/2025,1332,600,00000725,4464.7,
24/08/2023,135,600,00000061,1196.0,
24/08/2023,135,600,00000068,1348.26,
24/08/2023,135,600,00000069,1230.5,
24/08/2023,135,600,00000070,705.3,
29/05/2025,1610,600,00000852,4485.0,
29/05/2025,1608,600,00000911,4485.0,
25/06/2025,1680,600,00000946,4485.0,
22/07/2025,1775,600,00001037,4485.0,
02/09/2025,1860,600,00001060,4485.0,
28/10/2025,2071,600,00001171,4485.0,
28/10/2025,2072,600,00001221,4485.0,
16/01/2026,2304,600,00001315,4485.0,
25/02/2026,2425,600,00001380,4498.8,
02/09/2025,1861,600,00001087,4511.45,
02/09/2025,1862,600,00001088,4511.45,
27/01/2026,2352,600,00001370,4516.05,
21/08/2025,1849,600,00001070,4620.68,
23/12/2024,1191,600,00000628,4674.06,
22/09/2025,1960,600,00001151,4688.74,
27/01/2026,2318,600,00001374,4720.75,
25/02/2026,2405,600,00001431,4720.75,
21/11/2025,2189,600,00001320,4882.61,
23/07/2024,782,600,00000410,4996.75,
29/05/2025,1594,600,00000941,5031.15,
24/06/2025,1715,600,00000983,5071.5,
30/12/2025,2269,600,00001291,5181.56,
28/06/2023,29,600,00000007,2811.23,
28/06/2023,29,600,00000012,555.68,
28/06/2023,29,600,00000014,1845.75,
25/02/2026,2415,600,00001382,5288.18,
27/01/2026,2351,600,00001357,5300.93,
29/02/2024,450,600,00000236,5497.37,
26/08/2024,838,600,00000445,5509.44,
27/05/2024,632,600,00000890,5555.08,
28/06/2023,33,600,00000019,5589.0,
23/12/2024,1189,600,00000633,5654.19,
21/11/2025,2138,600,00001270,5687.9,
24/10/2023,223,600,00000138,5744.25,
28/04/2025,1512,600,00000814,5752.35,
20/07/2023,70,600,00000037,148.91,
20/07/2023,70,600,00000038,3261.69,
20/07/2023,70,600,00000039,2409.48,
24/06/2025,1714,600,00000984,5975.4,
28/07/2025,1788,600,00001000,6048.77,
25/06/2025,1676,600,00000957,6080.05,
22/07/2025,1749,600,00001007,6080.05,
24/06/2025,1713,600,00000981,6110.53,
21/05/2024,644,600,00000352,6140.52,
23/09/2025,1978,600,00001167,6327.3,
24/03/2025,1394,600,00000785,6361.03,
21/10/2025,2123,600,00001203,6372.15,
22/12/2025,2272,600,00001298,6372.15,
27/06/2025,1691,600,00000992,6546.32,
24/08/2023,136,600,00000062,625.6,
24/08/2023,136,600,00000066,3592.81,
24/08/2023,136,600,00000067,1858.88,
24/08/2023,136,600,00000078,582.87,
27/09/2023,192,600,00000094,6664.25,
25/08/2025,1854,600,00001072,6839.12,
21/11/2025,2135,600,00001262,6936.27,
30/11/2023,279,600,00000161,6957.5,
23/07/2024,795,600,00000884,7562.5,
30/08/2024,846,600,00000884,7562.5,
22/07/2025,1779,600,00001022,7578.09,
27/01/2026,2325,600,00001340,7664.23,
28/01/2025,1242,600,00000690,7700.29,
28/06/2023,39,600,00000009,2004.58,
28/06/2023,39,600,00000010,2334.5,
28/06/2023,39,600,00000015,989.58,
28/06/2023,39,600,00000034,2415.0,
28/07/2025,1787,600,00001038,7821.15,
27/06/2025,1698,600,00000967,7977.55,
28/04/2025,1496,600,00000820,8037.26,
27/06/2025,1696,600,00000969,8265.69,
28/04/2025,1518,600,00000839,8466.21,
27/05/2024,633,600,00000888,8493.9,
27/11/2024,1126,600,00000562,9072.27,
22/12/2025,2212,600,00001310,9401.25,
27/03/2025,1406,600,00000788,9537.13,
30/12/2025,2264,600,00001295,10723.15,
31/12/2025,2302,600,00001293,10745.63,
22/12/2025,2211,600,00001301,10857.31,
23/07/2024,808,600,00000408,11299.27,
27/11/2024,1133,600,00000556,13448.69,
30/12/2025,2270,600,00001293,13718.15,
28/03/2025,1402,600,00000775,14699.53,
27/06/2024,736,600,00000884,15125.0,
06/10/2023,214,600,00000120,16361.28,
22/07/2025,1757,600,00001016,16740.18,
30/08/2024,845,600,00000446,17401.92,
27/06/2025,1681,600,00000944,17483.67,
28/02/2026,2473,600,00001434,17553.29,
28/02/2026,2474,600,00001433,17654.63,
21/11/2025,2161,600,00001266,18724.12,
31/12/2025,2271,600,00001293,20432.72,
27/06/2025,1682,600,00000988,22022.16,
03/09/2025,1892,600,00001084,22797.6,
30/10/2023,225,600,00000142,28405.0,
03/09/2025,1891,600,00001083,35696.98,
31/12/2025,2301,600,00001376,39254.37,
